deckover->deck over
clouverleaf->cloverleaf
grilll->gril
rainbird->rain bird
flexlock->flex lock
ultratouch->ultra touch
shelfes->shelfs
shelfing->selfing
kitchenen->kitchen
boltless->bolt less
drilll->drill
ridgid->rigid
emberglow->ember glow
tooliet->toilet
wiremesh->wire mesh
prefinished->pre finished
prehung->pre hung
priceepfister->pfister
ceilingg->ceiling
trafficmaster->traffic master
glacierr->glacier
toolet->toilet
watter->water
rerefrigerator->refrigerator
garagee->garage
air condit->air conditioner
deckpaint->deck paint
drilll->drill
flangee->flange
chipaper->chipper
cleanerr->cleaner
fiberglasss->fiberglass
paccage->package
garagee->garage
collegege->college
whiteplywood->white plywood
beadboard->breadboard
porcelaine->porcelain
treatedd->treated
cedarsafe->cedar safe
plywooden->plywood
sundstrom->sandstorm
sprkinler->sprinkler
sinktop->sink top
ourdoor->outdoor
ultratouch->ultra touch
decoart->deco art
outdoorlounge->outdoor lounge
outdoorfurniture->outdoor furniture
pricepfister->pfister
glaciar->glacier
glacie->glacier
tiolet->toilet
handycap->handicap
wayer->water
undercounter->under counter
basemetnt->basement
rustollum->rustoleum
heaterconditioner->air conditioner
spliter->splitter
berh->behr
snow thower->snow blower
powertool->power tool
repir->repair
condtioners->conditioners
pannels->panels
frostking->frost king
flourescent->fluorescent
closetmade->closetmaid
repir->repair
greecianmarble->grecian marble
porcelin->porcelain
flushmount->flush mount
foof->foot
incide->inside
pedistal->pedestal
miricale->miracle
windos->windows
closetmaid->closet maid
aspiradora->aspirator
bentgrass->bentgrass
hindges->hinges
hieght->height
clab->clay
procelian->porcelain
wonderboard->wonder board
backerboard->backer board
flatbraces->flat braces
cieling->ceiling
ceadar->cedar
cedart->cedar
frontload->front load
stcking->sticking
barreir->barrier
ajustable->adjustable
sinnk->sink
pedelal->pedestal
undermount->under mounted
suppll->supple
conditionerionar->conditioner
vynal->vinyl
aluminun->aluminum
installbay->install bay
cermic->ceramic
plastice->plastic
wattsolar->watt solar
glaciar->glacier
toliet->toilet
garageescape->garage escape
alumanam->aluminum
treate->treated
weathershield->weather shield
conditionerioners->conditioner
heaterconditioner->conditioner
vbration->vibration
fencde->fence
knoty->knotty
untility->utility
christmass->christmas
garlend->garland
ceilig->ceiling
glaciar->glacier
dcanvas->canvas
vaccum->vacuum
garge->garage
ridiing->riding
barreir->barrier
keorsene->kerosene
lanterun->lantern
infered->infrared
hardiboard->hardboard
keorsene->kerosene
sinnk->sink
pedelal->pedaled
hindged->hinged
bateries->batteries
undercabinet->under cabinet
ceilig->ceiling
extention->extension
firepits->fire pit
edsel->edsal
aire acondicionado->air conditioner
linoliuml->linoleum
hagchet->hatchet
steele->steel
dimable->dimmable
lithum->lithium
rayoby->ryobi
washerparts->washer kit
lituim->lithium
naturlas->naturals
softners->softener
doorsmoocher->doors moocher
sofn->soft
scaleblaster->scale blaster
pressue->pressure
paito->patio
mandare->mandara
scod->cod
ddummy->dummy
florcant->floor cant
prunning->pruning
enrty->enrty
outdoorfurniture->outdoor furniture
handtools->hand tools
treate->treated
wheelbarow->wheelbarrow
hhigh->high
accordian->accordion
preature->pressure
steqamers->steamers
onda pressure->honda pressure
insallation->insulation
contracor->multi color
stell->steel
sjhelf->shelf
ridiing->riding
drils->drills
planel->panel
robi->ryobi
swivrl->swirl
enrty->entry
paneks->panels
floo->flooring 
shets->sheets
gazhose->gas hose
artifical->artifical
insullation->insulation
peper->peper
extention->extension
insulaion->insulation
insullation->insulation
unsulation->insulation
upholstry->upholstery
medicien->medicine
floorinh->flooring
heavyduty->heavy duty
hardsware->hardware
traiter->trailer
bathroon->bathroom
tsnkless->tankless
shoplight->shop light
consertrated->concentrated
zeroturn->zero turn
vynik->vinyl
aircondiioner->air conditioner
plexy glass->plastic sheet
accesory->accessory
koolaroo->coolaroo
uplihght->uplight
edsel->edsal
outdooor->outdoor
pivotangle->pivot angle
plasticl->plastic
varigated->variegated
basemetnt->basement
cornor->corner
plaers->pliers
storeage->storage
fountin->fountain
extention->extension
polyeurethane->polyurethane
plastice->plastic
tilees->tiles
byefold->bi fold
whirpool->whirlpool
diining->dining
connnector->connector
woodebn->wooden
celliling->ceiling
waterroo->water roof
sofn->softener
softners->softener
shoipping->shopping
trollie->trolly
shoplight->shop light
diining->dining
elongagated->elongated
sjhelf->shelf
polycarbonite->polycarbonate
koolaroo->coolaroo
galvinized->galvanized
bakewarte->bakeware
kennal->kennel
elongagated->elongated
tolet->toilet
aspiradora->vacuum
aluminium->aluminum
laminet->laminate
elecronic->electronic
dedwalt->dewalt
vaccuum->vacuum
diining->dining
insided->inside
towbehind->tow behind
kidie->kidde
batterys->battery
nutru->nutri
kitchenfaucet->kitchen faucet
kitcheen->kitchen
whirpool->whirlpool
whirlpoolga->whirlpool
whirlpoolstainless->whirlpool stainless